"","State","Year","Deaths","Population","Deaths Per 100,000","Prescriptions Per Million","Number of Prescriptions"
"1","Alabama",1999,"39",4430141,"0.9",116,1.16e+08
"2","Alabama",2000,"46",4447100,"1",126,1.26e+08
"3","Alabama",2001,"67",4467634,"1.5",138,1.38e+08
"4","Alabama",2002,"75",4480089,"1.7",142,1.42e+08
"5","Alabama",2003,"54",4503491,"1.2",149,1.49e+08
"6","Alabama",2004,"92",4530729,"2",155,1.55e+08
"7","Alabama",2005,"83",4569805,"1.8",163,1.63e+08
"8","Alabama",2006,"134",4628981,"2.9",174,1.74e+08
"9","Alabama",2007,"172",4672840,"3.7",184,1.84e+08
"10","Alabama",2008,"195",4718206,"4.1",196,1.96e+08
"11","Alabama",2009,"210",4757938,"4.4",202,2.02e+08
"12","Alabama",2010,"194",4779736,"4.1",210,2.1e+08
"13","Alabama",2011,"180",4802740,"3.7",219,2.19e+08
"14","Alabama",2012,"175",4822023,"3.6",217,2.17e+08
"15","Alabama",2013,"175",4833722,"3.6",207,2.07e+08
"16","Alabama",2014,"282",4849377,"5.8",196,1.96e+08
"17","Alaska",1999,"28",624779,"4.5",116,1.16e+08
"18","Alaska",2000,"27",626932,"4.3",126,1.26e+08
"19","Alaska",2006,"29",675302,"4.3",174,1.74e+08
"20","Alaska",2008,"94",687455,"13.7",196,1.96e+08
"21","Alaska",2009,"94",698895,"13.4",202,2.02e+08
"22","Alaska",2010,"71",710231,"10",210,2.1e+08
"23","Alaska",2011,"72",722718,"10",219,2.19e+08
"24","Alaska",2012,"81",731449,"11.1",217,2.17e+08
"25","Alaska",2013,"69",735132,"9.4",207,2.07e+08
"26","Alaska",2014,"79",736732,"10.7",196,1.96e+08
"27","Arizona",1999,"250",5023823,"5",116,1.16e+08
"28","Arizona",2000,"249",5130632,"4.9",126,1.26e+08
"29","Arizona",2001,"275",5273477,"5.2",138,1.38e+08
"30","Arizona",2002,"340",5396255,"6.3",142,1.42e+08
"31","Arizona",2003,"350",5510364,"6.4",149,1.49e+08
"32","Arizona",2004,"360",5652404,"6.4",155,1.55e+08
"33","Arizona",2005,"393",5839077,"6.7",163,1.63e+08
"34","Arizona",2006,"479",6029141,"7.9",174,1.74e+08
"35","Arizona",2007,"490",6167681,"7.9",184,1.84e+08
"36","Arizona",2008,"515",6280362,"8.2",196,1.96e+08
"37","Arizona",2009,"625",6343154,"9.9",202,2.02e+08
"38","Arizona",2010,"650",6392017,"10.2",210,2.1e+08
"39","Arizona",2011,"596",6482505,"9.2",219,2.19e+08
"40","Arizona",2012,"565",6553255,"8.6",217,2.17e+08
"41","Arizona",2013,"545",6626624,"8.2",207,2.07e+08
"42","Arizona",2014,"616",6731484,"9.2",196,1.96e+08
"43","Arkansas",1999,"29",2651860,"1.1",116,1.16e+08
"44","Arkansas",2000,"20",2673400,"0.7",126,1.26e+08
"45","Arkansas",2001,"30",2691571,"1.1",138,1.38e+08
"46","Arkansas",2002,"96",2705927,"3.5",142,1.42e+08
"47","Arkansas",2003,"98",2724816,"3.6",149,1.49e+08
"48","Arkansas",2004,"133",2749686,"4.8",155,1.55e+08
"49","Arkansas",2005,"127",2781097,"4.6",163,1.63e+08
"50","Arkansas",2006,"149",2821761,"5.3",174,1.74e+08
"51","Arkansas",2007,"156",2848650,"5.5",184,1.84e+08
"52","Arkansas",2008,"210",2874554,"7.3",196,1.96e+08
"53","Arkansas",2009,"221",2896843,"7.6",202,2.02e+08
"54","Arkansas",2010,"198",2915918,"6.8",210,2.1e+08
"55","Arkansas",2011,"176",2937979,"6",219,2.19e+08
"56","Arkansas",2012,"181",2949131,"6.1",217,2.17e+08
"57","Arkansas",2013,"175",2959373,"5.9",207,2.07e+08
"58","Arkansas",2014,"179",2966369,"6",196,1.96e+08
"59","California",1999,"1598",33499204,"4.8",116,1.16e+08
"60","California",2000,"1105",33871648,"3.3",126,1.26e+08
"61","California",2001,"605",34479458,"1.8",138,1.38e+08
"62","California",2002,"1583",34871843,"4.5",142,1.42e+08
"63","California",2003,"1530",35253159,"4.3",149,1.49e+08
"64","California",2004,"1547",35574576,"4.3",155,1.55e+08
"65","California",2005,"1485",35827943,"4.1",163,1.63e+08
"66","California",2006,"1602",36021202,"4.4",174,1.74e+08
"67","California",2007,"1762",36250311,"4.9",184,1.84e+08
"68","California",2008,"1889",36604337,"5.2",196,1.96e+08
"69","California",2009,"2128",36961229,"5.8",202,2.02e+08
"70","California",2010,"2059",37253956,"5.5",210,2.1e+08
"71","California",2011,"2057",37691912,"5.5",219,2.19e+08
"72","California",2012,"1847",38041430,"4.9",217,2.17e+08
"73","California",2013,"2088",38332521,"5.4",207,2.07e+08
"74","California",2014,"2159",38802500,"5.6",196,1.96e+08
"75","Colorado",1999,"169",4226018,"4",116,1.16e+08
"76","Colorado",2000,"184",4301261,"4.3",126,1.26e+08
"77","Colorado",2001,"204",4425687,"4.6",138,1.38e+08
"78","Colorado",2002,"206",4490406,"4.6",142,1.42e+08
"79","Colorado",2003,"229",4528732,"5.1",149,1.49e+08
"80","Colorado",2004,"233",4575013,"5.1",155,1.55e+08
"81","Colorado",2005,"310",4631888,"6.7",163,1.63e+08
"82","Colorado",2006,"337",4720423,"7.1",174,1.74e+08
"83","Colorado",2007,"368",4803868,"7.7",184,1.84e+08
"84","Colorado",2008,"365",4889730,"7.5",196,1.96e+08
"85","Colorado",2009,"412",4972195,"8.3",202,2.02e+08
"86","Colorado",2010,"325",5029196,"6.5",210,2.1e+08
"87","Colorado",2011,"423",5116796,"8.3",219,2.19e+08
"88","Colorado",2012,"415",5187582,"8",217,2.17e+08
"89","Colorado",2013,"443",5268367,"8.4",207,2.07e+08
"90","Colorado",2014,"532",5355866,"9.9",196,1.96e+08
"91","Connecticut",1999,"158",3386401,"4.7",116,1.16e+08
"92","Connecticut",2000,"173",3405565,"5.1",126,1.26e+08
"93","Connecticut",2001,"158",3432835,"4.6",138,1.38e+08
"94","Connecticut",2002,"174",3458749,"5",142,1.42e+08
"95","Connecticut",2003,"168",3484336,"4.8",149,1.49e+08
"96","Connecticut",2004,"196",3496094,"5.6",155,1.55e+08
"97","Connecticut",2005,"175",3506956,"5",163,1.63e+08
"98","Connecticut",2006,"238",3517460,"6.8",174,1.74e+08
"99","Connecticut",2007,"249",3527270,"7.1",184,1.84e+08
"100","Connecticut",2008,"233",3545579,"6.6",196,1.96e+08
"101","Connecticut",2009,"220",3561807,"6.2",202,2.02e+08
"102","Connecticut",2010,"225",3574097,"6.3",210,2.1e+08
"103","Connecticut",2011,"213",3580709,"5.9",219,2.19e+08
"104","Connecticut",2012,"202",3590347,"5.6",217,2.17e+08
"105","Connecticut",2013,"442",3596080,"12.3",207,2.07e+08
"106","Connecticut",2014,"531",3596677,"14.8",196,1.96e+08
"107","Delaware",1999,"32",774990,"4.1",116,1.16e+08
"108","Delaware",2000,"36",783600,"4.6",126,1.26e+08
"109","Delaware",2001,"40",795699,"5",138,1.38e+08
"110","Delaware",2002,"54",806169,"6.7",142,1.42e+08
"111","Delaware",2003,"46",818003,"5.6",149,1.49e+08
"112","Delaware",2004,"38",830803,"4.6",155,1.55e+08
"113","Delaware",2005,"33",845150,"3.9",163,1.63e+08
"114","Delaware",2006,"42",859268,"4.9",174,1.74e+08
"115","Delaware",2007,"52",871749,"6",184,1.84e+08
"116","Delaware",2008,"68",883874,"7.7",196,1.96e+08
"117","Delaware",2009,"93",891730,"10.4",202,2.02e+08
"118","Delaware",2010,"116",897934,"12.9",210,2.1e+08
"119","Delaware",2011,"115",907135,"12.7",219,2.19e+08
"120","Delaware",2012,"86",917092,"9.4",217,2.17e+08
"121","Delaware",2013,"115",925749,"12.4",207,2.07e+08
"122","Delaware",2014,"125",935614,"13.4",196,1.96e+08
"123","District of Columbia",1999,"28",570213,"4.9",116,1.16e+08
"124","District of Columbia",2000,"43",572059,"7.5",126,1.26e+08
"125","District of Columbia",2001,"48",574504,"8.4",138,1.38e+08
"126","District of Columbia",2002,"29",573158,"5.1",142,1.42e+08
"127","District of Columbia",2003,"60",568502,"10.6",149,1.49e+08
"128","District of Columbia",2004,"53",567754,"9.3",155,1.55e+08
"129","District of Columbia",2005,"45",567136,"7.9",163,1.63e+08
"130","District of Columbia",2006,"62",570681,"10.9",174,1.74e+08
"131","District of Columbia",2007,"29",574404,"5",184,1.84e+08
"132","District of Columbia",2008,"33",580236,"5.7",196,1.96e+08
"133","District of Columbia",2010,"36",601723,"6",210,2.1e+08
"134","District of Columbia",2011,"57",617996,"9.2",219,2.19e+08
"135","District of Columbia",2012,"45",632323,"7.1",217,2.17e+08
"136","District of Columbia",2013,"60",646449,"9.3",207,2.07e+08
"137","District of Columbia",2014,"65",658893,"9.9",196,1.96e+08
"138","Florida",1999,"417",15759421,"2.6",116,1.16e+08
"139","Florida",2000,"571",15982378,"3.6",126,1.26e+08
"140","Florida",2001,"890",16356966,"5.4",138,1.38e+08
"141","Florida",2002,"1001",16689370,"6",142,1.42e+08
"142","Florida",2003,"1080",17004085,"6.4",149,1.49e+08
"143","Florida",2004,"1258",17415318,"7.2",155,1.55e+08
"144","Florida",2005,"1151",17842038,"6.5",163,1.63e+08
"145","Florida",2006,"1323",18166990,"7.3",174,1.74e+08
"146","Florida",2007,"1519",18367842,"8.3",184,1.84e+08
"147","Florida",2008,"1523",18527305,"8.2",196,1.96e+08
"148","Florida",2009,"1654",18652644,"8.9",202,2.02e+08
"149","Florida",2010,"1739",18801310,"9.2",210,2.1e+08
"150","Florida",2011,"1637",19057542,"8.6",219,2.19e+08
"151","Florida",2012,"1383",19317568,"7.2",217,2.17e+08
"152","Florida",2013,"1327",19552860,"6.8",207,2.07e+08
"153","Florida",2014,"1446",19893297,"7.3",196,1.96e+08
"154","Georgia",1999,"85",8045965,"1.1",116,1.16e+08
"155","Georgia",2000,"134",8186453,"1.6",126,1.26e+08
"156","Georgia",2001,"199",8377038,"2.4",138,1.38e+08
"157","Georgia",2002,"223",8508256,"2.6",142,1.42e+08
"158","Georgia",2003,"248",8622793,"2.9",149,1.49e+08
"159","Georgia",2004,"269",8769252,"3.1",155,1.55e+08
"160","Georgia",2005,"312",8925922,"3.5",163,1.63e+08
"161","Georgia",2006,"344",9155813,"3.8",174,1.74e+08
"162","Georgia",2007,"404",9349988,"4.3",184,1.84e+08
"163","Georgia",2008,"417",9504843,"4.4",196,1.96e+08
"164","Georgia",2009,"504",9620846,"5.2",202,2.02e+08
"165","Georgia",2010,"550",9687653,"5.7",210,2.1e+08
"166","Georgia",2011,"549",9815210,"5.6",219,2.19e+08
"167","Georgia",2012,"551",9919945,"5.6",217,2.17e+08
"168","Georgia",2013,"539",9992167,"5.4",207,2.07e+08
"169","Georgia",2014,"724",10097343,"7.2",196,1.96e+08
"170","Hawaii",1999,"34",1210300,"2.8",116,1.16e+08
"171","Hawaii",2000,"31",1211537,"2.6",126,1.26e+08
"172","Hawaii",2001,"39",1225948,"3.2",138,1.38e+08
"173","Hawaii",2002,"48",1239613,"3.9",142,1.42e+08
"174","Hawaii",2003,"47",1251154,"3.8",149,1.49e+08
"175","Hawaii",2004,"64",1273569,"5",155,1.55e+08
"176","Hawaii",2005,"75",1292729,"5.8",163,1.63e+08
"177","Hawaii",2006,"67",1309731,"5.1",174,1.74e+08
"178","Hawaii",2007,"82",1315675,"6.2",184,1.84e+08
"179","Hawaii",2008,"58",1332213,"4.4",196,1.96e+08
"180","Hawaii",2009,"59",1346717,"4.4",202,2.02e+08
"181","Hawaii",2010,"77",1360301,"5.7",210,2.1e+08
"182","Hawaii",2011,"78",1374810,"5.7",219,2.19e+08
"183","Hawaii",2012,"64",1392313,"4.6",217,2.17e+08
"184","Hawaii",2013,"70",1404054,"5",207,2.07e+08
"185","Hawaii",2014,"62",1419561,"4.4",196,1.96e+08
"186","Idaho",1999,"32",1275674,"2.5",116,1.16e+08
"187","Idaho",2000,"29",1293953,"2.2",126,1.26e+08
"188","Idaho",2001,"51",1319962,"3.9",138,1.38e+08
"189","Idaho",2002,"45",1340372,"3.4",142,1.42e+08
"190","Idaho",2003,"55",1363380,"4",149,1.49e+08
"191","Idaho",2004,"48",1391802,"3.4",155,1.55e+08
"192","Idaho",2005,"52",1428241,"3.6",163,1.63e+08
"193","Idaho",2006,"71",1468669,"4.8",174,1.74e+08
"194","Idaho",2007,"64",1505105,"4.3",184,1.84e+08
"195","Idaho",2008,"75",1534320,"4.9",196,1.96e+08
"196","Idaho",2009,"66",1554439,"4.2",202,2.02e+08
"197","Idaho",2010,"81",1567582,"5.2",210,2.1e+08
"198","Idaho",2011,"80",1584985,"5",219,2.19e+08
"199","Idaho",2012,"61",1595728,"3.8",217,2.17e+08
"200","Idaho",2013,"81",1612136,"5",207,2.07e+08
"201","Idaho",2014,"80",1634464,"4.9",196,1.96e+08
"202","Illinois",1999,"544",12359020,"4.4",116,1.16e+08
"203","Illinois",2000,"629",12419293,"5.1",126,1.26e+08
"204","Illinois",2001,"583",12488445,"4.7",138,1.38e+08
"205","Illinois",2002,"612",12525556,"4.9",142,1.42e+08
"206","Illinois",2003,"504",12556006,"4",149,1.49e+08
"207","Illinois",2004,"575",12589773,"4.6",155,1.55e+08
"208","Illinois",2005,"647",12609903,"5.1",163,1.63e+08
"209","Illinois",2006,"929",12643955,"7.3",174,1.74e+08
"210","Illinois",2007,"739",12695866,"5.8",184,1.84e+08
"211","Illinois",2008,"895",12747038,"7",196,1.96e+08
"212","Illinois",2009,"933",12796778,"7.3",202,2.02e+08
"213","Illinois",2010,"921",12830632,"7.2",210,2.1e+08
"214","Illinois",2011,"955",12869257,"7.4",219,2.19e+08
"215","Illinois",2012,"1204",12875255,"9.4",217,2.17e+08
"216","Illinois",2013,"1139",12882135,"8.8",207,2.07e+08
"217","Illinois",2014,"1263",12880580,"9.8",196,1.96e+08
"218","Indiana",1999,"49",6044969,"0.8",116,1.16e+08
"219","Indiana",2000,"47",6080485,"0.8",126,1.26e+08
"220","Indiana",2001,"79",6127760,"1.3",138,1.38e+08
"221","Indiana",2002,"74",6155967,"1.2",142,1.42e+08
"222","Indiana",2003,"140",6196638,"2.3",149,1.49e+08
"223","Indiana",2004,"150",6233007,"2.4",155,1.55e+08
"224","Indiana",2005,"169",6278616,"2.7",163,1.63e+08
"225","Indiana",2006,"188",6332669,"3",174,1.74e+08
"226","Indiana",2007,"251",6379599,"3.9",184,1.84e+08
"227","Indiana",2008,"324",6424806,"5",196,1.96e+08
"228","Indiana",2009,"339",6459325,"5.2",202,2.02e+08
"229","Indiana",2010,"300",6483802,"4.6",210,2.1e+08
"230","Indiana",2011,"375",6516922,"5.8",219,2.19e+08
"231","Indiana",2012,"397",6537334,"6.1",217,2.17e+08
"232","Indiana",2013,"387",6570902,"5.9",207,2.07e+08
"233","Indiana",2014,"489",6596855,"7.4",196,1.96e+08
"234","Iowa",2001,"29",2931997,"1",138,1.38e+08
"235","Iowa",2002,"41",2934234,"1.4",142,1.42e+08
"236","Iowa",2003,"43",2941999,"1.5",149,1.49e+08
"237","Iowa",2004,"65",2953635,"2.2",155,1.55e+08
"238","Iowa",2005,"74",2964454,"2.5",163,1.63e+08
"239","Iowa",2006,"101",2982644,"3.4",174,1.74e+08
"240","Iowa",2007,"112",2999212,"3.7",184,1.84e+08
"241","Iowa",2008,"138",3016734,"4.6",196,1.96e+08
"242","Iowa",2009,"148",3032870,"4.9",202,2.02e+08
"243","Iowa",2010,"163",3046355,"5.4",210,2.1e+08
"244","Iowa",2011,"183",3062309,"6",219,2.19e+08
"245","Iowa",2012,"185",3074186,"6",217,2.17e+08
"246","Iowa",2013,"190",3090416,"6.1",207,2.07e+08
"247","Iowa",2014,"170",3107126,"5.5",196,1.96e+08
"248","Kansas",1999,"26",2678338,"1",116,1.16e+08
"249","Kansas",2000,"23",2688418,"0.9",126,1.26e+08
"250","Kansas",2001,"47",2702162,"1.7",138,1.38e+08
"251","Kansas",2002,"87",2713535,"3.2",142,1.42e+08
"252","Kansas",2003,"78",2723004,"2.9",149,1.49e+08
"253","Kansas",2004,"118",2734373,"4.3",155,1.55e+08
"254","Kansas",2005,"112",2745299,"4.1",163,1.63e+08
"255","Kansas",2006,"127",2762931,"4.6",174,1.74e+08
"256","Kansas",2007,"128",2783785,"4.6",184,1.84e+08
"257","Kansas",2008,"103",2808076,"3.7",196,1.96e+08
"258","Kansas",2009,"160",2832704,"5.6",202,2.02e+08
"259","Kansas",2010,"111",2853118,"3.9",210,2.1e+08
"260","Kansas",2011,"131",2871238,"4.6",219,2.19e+08
"261","Kansas",2012,"184",2885905,"6.4",217,2.17e+08
"262","Kansas",2013,"171",2893957,"5.9",207,2.07e+08
"263","Kansas",2014,"188",2904021,"6.5",196,1.96e+08
"264","Kentucky",1999,"56",4018053,"1.4",116,1.16e+08
"265","Kentucky",2000,"94",4041769,"2.3",126,1.26e+08
"266","Kentucky",2001,"149",4068132,"3.7",138,1.38e+08
"267","Kentucky",2002,"185",4089875,"4.5",142,1.42e+08
"268","Kentucky",2003,"242",4117170,"5.9",149,1.49e+08
"269","Kentucky",2004,"237",4146101,"5.7",155,1.55e+08
"270","Kentucky",2005,"294",4182742,"7",163,1.63e+08
"271","Kentucky",2006,"343",4219239,"8.1",174,1.74e+08
"272","Kentucky",2007,"356",4256672,"8.4",184,1.84e+08
"273","Kentucky",2008,"377",4289878,"8.8",196,1.96e+08
"274","Kentucky",2009,"455",4317074,"10.5",202,2.02e+08
"275","Kentucky",2010,"624",4339367,"14.4",210,2.1e+08
"276","Kentucky",2011,"707",4369356,"16.2",219,2.19e+08
"277","Kentucky",2012,"713",4380415,"16.3",217,2.17e+08
"278","Kentucky",2013,"689",4395295,"15.7",207,2.07e+08
"279","Kentucky",2014,"762",4413457,"17.3",196,1.96e+08
"280","Louisiana",1999,"30",4460811,"0.7",116,1.16e+08
"281","Louisiana",2000,"53",4468976,"1.2",126,1.26e+08
"282","Louisiana",2001,"87",4477875,"1.9",138,1.38e+08
"283","Louisiana",2002,"105",4497267,"2.3",142,1.42e+08
"284","Louisiana",2003,"131",4521042,"2.9",149,1.49e+08
"285","Louisiana",2004,"158",4552238,"3.5",155,1.55e+08
"286","Louisiana",2005,"185",4576628,"4",163,1.63e+08
"287","Louisiana",2006,"203",4302665,"4.7",174,1.74e+08
"288","Louisiana",2007,"228",4375581,"5.2",184,1.84e+08
"289","Louisiana",2008,"141",4435586,"3.2",196,1.96e+08
"290","Louisiana",2009,"131",4491648,"2.9",202,2.02e+08
"291","Louisiana",2010,"130",4533372,"2.9",210,2.1e+08
"292","Louisiana",2011,"121",4574836,"2.6",219,2.19e+08
"293","Louisiana",2012,"180",4601893,"3.9",217,2.17e+08
"294","Louisiana",2013,"270",4625470,"5.8",207,2.07e+08
"295","Louisiana",2014,"266",4649676,"5.7",196,1.96e+08
"296","Maine",1999,"32",1266808,"2.5",116,1.16e+08
"297","Maine",2000,"42",1274923,"3.3",126,1.26e+08
"298","Maine",2001,"61",1285692,"4.7",138,1.38e+08
"299","Maine",2002,"100",1295960,"7.7",142,1.42e+08
"300","Maine",2003,"92",1306513,"7",149,1.49e+08
"301","Maine",2004,"105",1313688,"8",155,1.55e+08
"302","Maine",2005,"124",1318787,"9.4",163,1.63e+08
"303","Maine",2006,"97",1323619,"7.3",174,1.74e+08
"304","Maine",2007,"108",1327040,"8.1",184,1.84e+08
"305","Maine",2008,"108",1330509,"8.1",196,1.96e+08
"306","Maine",2009,"119",1329590,"9",202,2.02e+08
"307","Maine",2010,"91",1328361,"6.9",210,2.1e+08
"308","Maine",2011,"95",1328188,"7.2",219,2.19e+08
"309","Maine",2012,"107",1329192,"8.1",217,2.17e+08
"310","Maine",2013,"134",1328302,"10.1",207,2.07e+08
"311","Maine",2014,"174",1330089,"13.1",196,1.96e+08
"312","Maryland",1999,"503",5254509,"9.6",116,1.16e+08
"313","Maryland",2000,"497",5296486,"9.4",126,1.26e+08
"314","Maryland",2001,"500",5374691,"9.3",138,1.38e+08
"315","Maryland",2002,"562",5440389,"10.3",142,1.42e+08
"316","Maryland",2003,"568",5496269,"10.3",149,1.49e+08
"317","Maryland",2004,"493",5546935,"8.9",155,1.55e+08
"318","Maryland",2005,"507",5592379,"9.1",163,1.63e+08
"319","Maryland",2006,"584",5627367,"10.4",174,1.74e+08
"320","Maryland",2007,"620",5653408,"11",184,1.84e+08
"321","Maryland",2008,"533",5684965,"9.4",196,1.96e+08
"322","Maryland",2009,"594",5730388,"10.4",202,2.02e+08
"323","Maryland",2010,"522",5773552,"9",210,2.1e+08
"324","Maryland",2011,"562",5828289,"9.6",219,2.19e+08
"325","Maryland",2012,"667",5884563,"11.3",217,2.17e+08
"326","Maryland",2013,"759",5928814,"12.8",207,2.07e+08
"327","Maryland",2014,"932",5976407,"15.6",196,1.96e+08
"328","Massachusetts",1999,"346",6317345,"5.5",116,1.16e+08
"329","Massachusetts",2000,"319",6349097,"5",126,1.26e+08
"330","Massachusetts",2001,"519",6397634,"8.1",138,1.38e+08
"331","Massachusetts",2002,"491",6417206,"7.7",142,1.42e+08
"332","Massachusetts",2003,"595",6422565,"9.3",149,1.49e+08
"333","Massachusetts",2004,"467",6412281,"7.3",155,1.55e+08
"334","Massachusetts",2005,"579",6403290,"9",163,1.63e+08
"335","Massachusetts",2006,"670",6410084,"10.5",174,1.74e+08
"336","Massachusetts",2007,"660",6431559,"10.3",184,1.84e+08
"337","Massachusetts",2008,"612",6468967,"9.5",196,1.96e+08
"338","Massachusetts",2009,"636",6517613,"9.8",202,2.02e+08
"339","Massachusetts",2010,"577",6547629,"8.8",210,2.1e+08
"340","Massachusetts",2011,"669",6587536,"10.2",219,2.19e+08
"341","Massachusetts",2012,"712",6646144,"10.7",217,2.17e+08
"342","Massachusetts",2013,"910",6692824,"13.6",207,2.07e+08
"343","Massachusetts",2014,"1161",6745408,"17.2",196,1.96e+08
"344","Michigan",1999,"140",9897116,"1.4",116,1.16e+08
"345","Michigan",2000,"196",9938444,"2",126,1.26e+08
"346","Michigan",2001,"211",9991120,"2.1",138,1.38e+08
"347","Michigan",2002,"248",10015710,"2.5",142,1.42e+08
"348","Michigan",2003,"278",10041152,"2.8",149,1.49e+08
"349","Michigan",2004,"390",10055315,"3.9",155,1.55e+08
"350","Michigan",2005,"527",10051137,"5.2",163,1.63e+08
"351","Michigan",2006,"641",10036081,"6.4",174,1.74e+08
"352","Michigan",2007,"523",10001284,"5.2",184,1.84e+08
"353","Michigan",2008,"656",9946889,"6.6",196,1.96e+08
"354","Michigan",2009,"747",9901591,"7.5",202,2.02e+08
"355","Michigan",2010,"725",9883640,"7.3",210,2.1e+08
"356","Michigan",2011,"756",9876187,"7.7",219,2.19e+08
"357","Michigan",2012,"700",9883360,"7.1",217,2.17e+08
"358","Michigan",2013,"934",9895622,"9.4",207,2.07e+08
"359","Michigan",2014,"1076",9909877,"10.9",196,1.96e+08
"360","Minnesota",1999,"67",4873481,"1.4",116,1.16e+08
"361","Minnesota",2000,"69",4919479,"1.4",126,1.26e+08
"362","Minnesota",2001,"112",4982796,"2.2",138,1.38e+08
"363","Minnesota",2002,"112",5018935,"2.2",142,1.42e+08
"364","Minnesota",2003,"122",5053572,"2.4",149,1.49e+08
"365","Minnesota",2004,"149",5087713,"2.9",155,1.55e+08
"366","Minnesota",2005,"162",5119598,"3.2",163,1.63e+08
"367","Minnesota",2006,"188",5163555,"3.6",174,1.74e+08
"368","Minnesota",2007,"185",5207203,"3.6",184,1.84e+08
"369","Minnesota",2008,"234",5247018,"4.5",196,1.96e+08
"370","Minnesota",2009,"278",5281203,"5.3",202,2.02e+08
"371","Minnesota",2010,"242",5303925,"4.6",210,2.1e+08
"372","Minnesota",2011,"295",5344861,"5.5",219,2.19e+08
"373","Minnesota",2012,"298",5379139,"5.5",217,2.17e+08
"374","Minnesota",2013,"314",5420380,"5.8",207,2.07e+08
"375","Minnesota",2014,"331",5457173,"6.1",196,1.96e+08
"376","Mississippi",2001,"26",2852994,"0.9",138,1.38e+08
"377","Mississippi",2002,"27",2858681,"0.9",142,1.42e+08
"378","Mississippi",2003,"31",2868312,"1.1",149,1.49e+08
"379","Mississippi",2004,"28",2889010,"1",155,1.55e+08
"380","Mississippi",2005,"44",2905943,"1.5",163,1.63e+08
"381","Mississippi",2006,"69",2904978,"2.4",174,1.74e+08
"382","Mississippi",2007,"98",2928350,"3.3",184,1.84e+08
"383","Mississippi",2008,"106",2947806,"3.6",196,1.96e+08
"384","Mississippi",2009,"98",2958774,"3.3",202,2.02e+08
"385","Mississippi",2010,"105",2967297,"3.5",210,2.1e+08
"386","Mississippi",2011,"84",2978512,"2.8",219,2.19e+08
"387","Mississippi",2012,"112",2984926,"3.8",217,2.17e+08
"388","Mississippi",2013,"103",2991207,"3.4",207,2.07e+08
"389","Mississippi",2014,"117",2994079,"3.9",196,1.96e+08
"390","Missouri",1999,"106",5561948,"1.9",116,1.16e+08
"391","Missouri",2000,"138",5595211,"2.5",126,1.26e+08
"392","Missouri",2001,"137",5641142,"2.4",138,1.38e+08
"393","Missouri",2002,"198",5674825,"3.5",142,1.42e+08
"394","Missouri",2003,"277",5709403,"4.9",149,1.49e+08
"395","Missouri",2004,"284",5747741,"4.9",155,1.55e+08
"396","Missouri",2005,"306",5790300,"5.3",163,1.63e+08
"397","Missouri",2006,"418",5842704,"7.2",174,1.74e+08
"398","Missouri",2007,"406",5887612,"6.9",184,1.84e+08
"399","Missouri",2008,"490",5923916,"8.3",196,1.96e+08
"400","Missouri",2009,"548",5961088,"9.2",202,2.02e+08
"401","Missouri",2010,"612",5988927,"10.2",210,2.1e+08
"402","Missouri",2011,"614",6010688,"10.2",219,2.19e+08
"403","Missouri",2012,"556",6021988,"9.2",217,2.17e+08
"404","Missouri",2013,"644",6044171,"10.7",207,2.07e+08
"405","Missouri",2014,"726",6063589,"12",196,1.96e+08
"406","Montana",2001,"21",906961,"2.3",138,1.38e+08
"407","Montana",2002,"21",911667,"2.3",142,1.42e+08
"408","Montana",2003,"46",919630,"5",149,1.49e+08
"409","Montana",2004,"46",930009,"4.9",155,1.55e+08
"410","Montana",2005,"47",940102,"5",163,1.63e+08
"411","Montana",2006,"52",952692,"5.5",174,1.74e+08
"412","Montana",2007,"62",964706,"6.4",184,1.84e+08
"413","Montana",2008,"70",976415,"7.2",196,1.96e+08
"414","Montana",2009,"94",983982,"9.6",202,2.02e+08
"415","Montana",2010,"55",989415,"5.6",210,2.1e+08
"416","Montana",2011,"63",998199,"6.3",219,2.19e+08
"417","Montana",2012,"53",1005141,"5.3",217,2.17e+08
"418","Montana",2013,"68",1015165,"6.7",207,2.07e+08
"419","Montana",2014,"54",1023579,"5.3",196,1.96e+08
"420","Nebraska",2001,"32",1719836,"1.9",138,1.38e+08
"421","Nebraska",2002,"25",1728292,"1.4",142,1.42e+08
"422","Nebraska",2004,"26",1749370,"1.5",155,1.55e+08
"423","Nebraska",2005,"43",1761497,"2.4",163,1.63e+08
"424","Nebraska",2006,"34",1772693,"1.9",174,1.74e+08
"425","Nebraska",2007,"41",1783440,"2.3",184,1.84e+08
"426","Nebraska",2008,"30",1796378,"1.7",196,1.96e+08
"427","Nebraska",2009,"68",1812683,"3.8",202,2.02e+08
"428","Nebraska",2010,"61",1826341,"3.3",210,2.1e+08
"429","Nebraska",2011,"54",1842641,"2.9",219,2.19e+08
"430","Nebraska",2012,"60",1855525,"3.2",217,2.17e+08
"431","Nebraska",2013,"42",1868516,"2.2",207,2.07e+08
"432","Nebraska",2014,"60",1881503,"3.2",196,1.96e+08
"433","Nevada",1999,"166",1934718,"8.6",116,1.16e+08
"434","Nevada",2000,"203",1998257,"10.2",126,1.26e+08
"435","Nevada",2001,"205",2098399,"9.8",138,1.38e+08
"436","Nevada",2002,"270",2173791,"12.4",142,1.42e+08
"437","Nevada",2003,"287",2248850,"12.8",149,1.49e+08
"438","Nevada",2004,"330",2346222,"14.1",155,1.55e+08
"439","Nevada",2005,"365",2432143,"15",163,1.63e+08
"440","Nevada",2006,"378",2522658,"15",174,1.74e+08
"441","Nevada",2007,"414",2601072,"15.9",184,1.84e+08
"442","Nevada",2008,"437",2653630,"16.5",196,1.96e+08
"443","Nevada",2009,"498",2684665,"18.5",202,2.02e+08
"444","Nevada",2010,"520",2700551,"19.3",210,2.1e+08
"445","Nevada",2011,"532",2723322,"19.5",219,2.19e+08
"446","Nevada",2012,"493",2758931,"17.9",217,2.17e+08
"447","Nevada",2013,"443",2790136,"15.9",207,2.07e+08
"448","Nevada",2014,"413",2839099,"14.5",196,1.96e+08
"449","New Hampshire",1999,"41",1222014,"3.4",116,1.16e+08
"450","New Hampshire",2000,"29",1235786,"2.3",126,1.26e+08
"451","New Hampshire",2001,"53",1255517,"4.2",138,1.38e+08
"452","New Hampshire",2002,"83",1269089,"6.5",142,1.42e+08
"453","New Hampshire",2003,"99",1279840,"7.7",149,1.49e+08
"454","New Hampshire",2004,"92",1290121,"7.1",155,1.55e+08
"455","New Hampshire",2005,"111",1298492,"8.5",163,1.63e+08
"456","New Hampshire",2006,"108",1308389,"8.3",174,1.74e+08
"457","New Hampshire",2007,"148",1312540,"11.3",184,1.84e+08
"458","New Hampshire",2008,"94",1315906,"7.1",196,1.96e+08
"459","New Hampshire",2009,"127",1316102,"9.6",202,2.02e+08
"460","New Hampshire",2010,"119",1316470,"9",210,2.1e+08
"461","New Hampshire",2011,"158",1318194,"12",219,2.19e+08
"462","New Hampshire",2012,"134",1320718,"10.1",217,2.17e+08
"463","New Hampshire",2013,"161",1323459,"12.2",207,2.07e+08
"464","New Hampshire",2014,"302",1326813,"22.8",196,1.96e+08
"465","New Jersey",1999,"344",8359592,"4.1",116,1.16e+08
"466","New Jersey",2000,"363",8414350,"4.3",126,1.26e+08
"467","New Jersey",2001,"419",8492671,"4.9",138,1.38e+08
"468","New Jersey",2002,"505",8552643,"5.9",142,1.42e+08
"469","New Jersey",2003,"466",8601402,"5.4",149,1.49e+08
"470","New Jersey",2004,"326",8634561,"3.8",155,1.55e+08
"471","New Jersey",2005,"454",8651974,"5.2",163,1.63e+08
"472","New Jersey",2006,"377",8661679,"4.4",174,1.74e+08
"473","New Jersey",2007,"348",8677885,"4",184,1.84e+08
"474","New Jersey",2008,"347",8711090,"4",196,1.96e+08
"475","New Jersey",2009,"57",8755602,"0.7",202,2.02e+08
"476","New Jersey",2010,"384",8791894,"4.4",210,2.1e+08
"477","New Jersey",2011,"478",8821155,"5.4",219,2.19e+08
"478","New Jersey",2012,"625",8864590,"7.1",217,2.17e+08
"479","New Jersey",2013,"711",8899339,"8",207,2.07e+08
"480","New Jersey",2014,"757",8938175,"8.5",196,1.96e+08
"481","New Mexico",1999,"187",1808082,"10.3",116,1.16e+08
"482","New Mexico",2000,"190",1819046,"10.4",126,1.26e+08
"483","New Mexico",2001,"155",1831690,"8.5",138,1.38e+08
"484","New Mexico",2002,"205",1855309,"11",142,1.42e+08
"485","New Mexico",2003,"228",1877574,"12.1",149,1.49e+08
"486","New Mexico",2004,"192",1903808,"10.1",155,1.55e+08
"487","New Mexico",2005,"219",1932274,"11.3",163,1.63e+08
"488","New Mexico",2006,"252",1962137,"12.8",174,1.74e+08
"489","New Mexico",2007,"272",1990070,"13.7",184,1.84e+08
"490","New Mexico",2008,"330",2010662,"16.4",196,1.96e+08
"491","New Mexico",2009,"212",2036802,"10.4",202,2.02e+08
"492","New Mexico",2010,"201",2059179,"9.8",210,2.1e+08
"493","New Mexico",2011,"254",2082224,"12.2",219,2.19e+08
"494","New Mexico",2012,"339",2085538,"16.3",217,2.17e+08
"495","New Mexico",2013,"350",2085287,"16.8",207,2.07e+08
"496","New Mexico",2014,"416",2085572,"19.9",196,1.96e+08
"497","New York",1999,"664",18882725,"3.5",116,1.16e+08
"498","New York",2000,"521",18976457,"2.7",126,1.26e+08
"499","New York",2001,"654",19082838,"3.4",138,1.38e+08
"500","New York",2002,"586",19137800,"3.1",142,1.42e+08
"501","New York",2003,"614",19175939,"3.2",149,1.49e+08
"502","New York",2004,"514",19171567,"2.7",155,1.55e+08
"503","New York",2005,"580",19132610,"3",163,1.63e+08
"504","New York",2006,"1056",19104631,"5.5",174,1.74e+08
"505","New York",2007,"1064",19132335,"5.6",184,1.84e+08
"506","New York",2008,"1169",19212436,"6.1",196,1.96e+08
"507","New York",2009,"1107",19307066,"5.7",202,2.02e+08
"508","New York",2010,"1115",19378102,"5.8",210,2.1e+08
"509","New York",2011,"1417",19465197,"7.3",219,2.19e+08
"510","New York",2012,"1576",19570261,"8.1",217,2.17e+08
"511","New York",2013,"1732",19651127,"8.8",207,2.07e+08
"512","New York",2014,"1787",19746227,"9",196,1.96e+08
"513","North Carolina",1999,"161",7949361,"2",116,1.16e+08
"514","North Carolina",2000,"292",8049313,"3.6",126,1.26e+08
"515","North Carolina",2001,"342",8210122,"4.2",138,1.38e+08
"516","North Carolina",2002,"412",8326201,"4.9",142,1.42e+08
"517","North Carolina",2003,"506",8422501,"6",149,1.49e+08
"518","North Carolina",2004,"576",8553152,"6.7",155,1.55e+08
"519","North Carolina",2005,"659",8705407,"7.6",163,1.63e+08
"520","North Carolina",2006,"708",8917270,"7.9",174,1.74e+08
"521","North Carolina",2007,"758",9118037,"8.3",184,1.84e+08
"522","North Carolina",2008,"859",9309449,"9.2",196,1.96e+08
"523","North Carolina",2009,"864",9449566,"9.1",202,2.02e+08
"524","North Carolina",2010,"787",9535483,"8.3",210,2.1e+08
"525","North Carolina",2011,"829",9656401,"8.6",219,2.19e+08
"526","North Carolina",2012,"841",9752073,"8.6",217,2.17e+08
"527","North Carolina",2013,"840",9848060,"8.5",207,2.07e+08
"528","North Carolina",2014,"979",9943964,"9.8",196,1.96e+08
"529","North Dakota",2008,"32",657569,"4.9",196,1.96e+08
"530","North Dakota",2014,"34",739482,"4.6",196,1.96e+08
"531","Ohio",1999,"180",11335454,"1.6",116,1.16e+08
"532","Ohio",2000,"270",11353140,"2.4",126,1.26e+08
"533","Ohio",2001,"356",11387404,"3.1",138,1.38e+08
"534","Ohio",2002,"459",11407889,"4",142,1.42e+08
"535","Ohio",2003,"398",11434788,"3.5",149,1.49e+08
"536","Ohio",2004,"557",11452251,"4.9",155,1.55e+08
"537","Ohio",2005,"591",11463320,"5.2",163,1.63e+08
"538","Ohio",2006,"675",11481213,"5.9",174,1.74e+08
"539","Ohio",2007,"755",11500468,"6.6",184,1.84e+08
"540","Ohio",2008,"863",11515391,"7.5",196,1.96e+08
"541","Ohio",2009,"716",11528896,"6.2",202,2.02e+08
"542","Ohio",2010,"1197",11536504,"10.4",210,2.1e+08
"543","Ohio",2011,"1333",11544951,"11.5",219,2.19e+08
"544","Ohio",2012,"1403",11544225,"12.2",217,2.17e+08
"545","Ohio",2013,"1695",11570808,"14.6",207,2.07e+08
"546","Ohio",2014,"2175",11594163,"18.8",196,1.96e+08
"547","Oklahoma",1999,"91",3437147,"2.6",116,1.16e+08
"548","Oklahoma",2000,"136",3450654,"3.9",126,1.26e+08
"549","Oklahoma",2001,"170",3467100,"4.9",138,1.38e+08
"550","Oklahoma",2002,"152",3489080,"4.4",142,1.42e+08
"551","Oklahoma",2003,"262",3504892,"7.5",149,1.49e+08
"552","Oklahoma",2004,"325",3525233,"9.2",155,1.55e+08
"553","Oklahoma",2005,"319",3548597,"9",163,1.63e+08
"554","Oklahoma",2006,"394",3594090,"11",174,1.74e+08
"555","Oklahoma",2007,"500",3634349,"13.8",184,1.84e+08
"556","Oklahoma",2008,"416",3668976,"11.3",196,1.96e+08
"557","Oklahoma",2009,"583",3717572,"15.7",202,2.02e+08
"558","Oklahoma",2010,"523",3751351,"13.9",210,2.1e+08
"559","Oklahoma",2011,"492",3791508,"13",219,2.19e+08
"560","Oklahoma",2012,"538",3814820,"14.1",217,2.17e+08
"561","Oklahoma",2013,"521",3850568,"13.5",207,2.07e+08
"562","Oklahoma",2014,"504",3878051,"13",196,1.96e+08
"563","Oregon",1999,"201",3393941,"5.9",116,1.16e+08
"564","Oregon",2000,"178",3421399,"5.2",126,1.26e+08
"565","Oregon",2001,"198",3467937,"5.7",138,1.38e+08
"566","Oregon",2002,"247",3513424,"7",142,1.42e+08
"567","Oregon",2003,"264",3547376,"7.4",149,1.49e+08
"568","Oregon",2004,"274",3569463,"7.7",155,1.55e+08
"569","Oregon",2005,"318",3613202,"8.8",163,1.63e+08
"570","Oregon",2006,"396",3670883,"10.8",174,1.74e+08
"571","Oregon",2007,"362",3722417,"9.7",184,1.84e+08
"572","Oregon",2008,"348",3768748,"9.2",196,1.96e+08
"573","Oregon",2009,"382",3808600,"10",202,2.02e+08
"574","Oregon",2010,"337",3831074,"8.8",210,2.1e+08
"575","Oregon",2011,"402",3871859,"10.4",219,2.19e+08
"576","Oregon",2012,"369",3899353,"9.5",217,2.17e+08
"577","Oregon",2013,"310",3930065,"7.9",207,2.07e+08
"578","Oregon",2014,"347",3970239,"8.7",196,1.96e+08
"579","Pennsylvania",1999,"328",12263805,"2.7",116,1.16e+08
"580","Pennsylvania",2000,"330",12281054,"2.7",126,1.26e+08
"581","Pennsylvania",2001,"266",12298970,"2.2",138,1.38e+08
"582","Pennsylvania",2002,"357",12331031,"2.9",142,1.42e+08
"583","Pennsylvania",2003,"481",12374658,"3.9",149,1.49e+08
"584","Pennsylvania",2004,"484",12410722,"3.9",155,1.55e+08
"585","Pennsylvania",2005,"524",12449990,"4.2",163,1.63e+08
"586","Pennsylvania",2006,"429",12510809,"3.4",174,1.74e+08
"587","Pennsylvania",2007,"501",12563937,"4",184,1.84e+08
"588","Pennsylvania",2008,"620",12612285,"4.9",196,1.96e+08
"589","Pennsylvania",2009,"654",12666858,"5.2",202,2.02e+08
"590","Pennsylvania",2010,"640",12702379,"5",210,2.1e+08
"591","Pennsylvania",2011,"770",12742886,"6",219,2.19e+08
"592","Pennsylvania",2012,"840",12763536,"6.6",217,2.17e+08
"593","Pennsylvania",2013,"970",12773801,"7.6",207,2.07e+08
"594","Pennsylvania",2014,"1110",12787209,"8.7",196,1.96e+08
"595","Rhode Island",1999,"36",1040402,"3.5",116,1.16e+08
"596","Rhode Island",2000,"61",1048319,"5.8",126,1.26e+08
"597","Rhode Island",2001,"86",1057142,"8.1",138,1.38e+08
"598","Rhode Island",2002,"77",1065995,"7.2",142,1.42e+08
"599","Rhode Island",2003,"108",1071342,"10.1",149,1.49e+08
"600","Rhode Island",2004,"80",1074579,"7.4",155,1.55e+08
"601","Rhode Island",2005,"122",1067916,"11.4",163,1.63e+08
"602","Rhode Island",2006,"132",1063096,"12.4",174,1.74e+08
"603","Rhode Island",2007,"89",1057315,"8.4",184,1.84e+08
"604","Rhode Island",2008,"133",1055003,"12.6",196,1.96e+08
"605","Rhode Island",2009,"117",1053646,"11.1",202,2.02e+08
"606","Rhode Island",2010,"112",1052567,"10.6",210,2.1e+08
"607","Rhode Island",2011,"145",1051302,"13.8",219,2.19e+08
"608","Rhode Island",2012,"143",1050292,"13.6",217,2.17e+08
"609","Rhode Island",2013,"195",1051511,"18.5",207,2.07e+08
"610","Rhode Island",2014,"211",1055173,"20",196,1.96e+08
"611","South Carolina",1999,"50",3974682,"1.3",116,1.16e+08
"612","South Carolina",2000,"90",4012012,"2.2",126,1.26e+08
"613","South Carolina",2001,"89",4064995,"2.2",138,1.38e+08
"614","South Carolina",2002,"85",4107795,"2.1",142,1.42e+08
"615","South Carolina",2003,"95",4150297,"2.3",149,1.49e+08
"616","South Carolina",2004,"134",4210921,"3.2",155,1.55e+08
"617","South Carolina",2005,"154",4270150,"3.6",163,1.63e+08
"618","South Carolina",2006,"234",4357847,"5.4",174,1.74e+08
"619","South Carolina",2007,"206",4444110,"4.6",184,1.84e+08
"620","South Carolina",2008,"228",4528996,"5",196,1.96e+08
"621","South Carolina",2009,"248",4589872,"5.4",202,2.02e+08
"622","South Carolina",2010,"278",4625364,"6",210,2.1e+08
"623","South Carolina",2011,"249",4679230,"5.3",219,2.19e+08
"624","South Carolina",2012,"245",4723723,"5.2",217,2.17e+08
"625","South Carolina",2013,"250",4774839,"5.2",207,2.07e+08
"626","South Carolina",2014,"530",4832482,"11",196,1.96e+08
"627","South Dakota",2004,"21",770396,"2.7",155,1.55e+08
"628","South Dakota",2005,"22",775493,"2.8",163,1.63e+08
"629","South Dakota",2006,"24",783033,"3.1",174,1.74e+08
"630","South Dakota",2007,"21",791623,"2.7",184,1.84e+08
"631","South Dakota",2008,"32",799124,"4",196,1.96e+08
"632","South Dakota",2009,"35",807067,"4.3",202,2.02e+08
"633","South Dakota",2010,"33",814180,"4.1",210,2.1e+08
"634","South Dakota",2011,"35",824082,"4.2",219,2.19e+08
"635","South Dakota",2012,"26",833354,"3.1",217,2.17e+08
"636","South Dakota",2013,"34",844877,"4",207,2.07e+08
"637","South Dakota",2014,"33",853175,"3.9",196,1.96e+08
"638","Tennessee",1999,"91",5638706,"1.6",116,1.16e+08
"639","Tennessee",2000,"103",5689283,"1.8",126,1.26e+08
"640","Tennessee",2001,"145",5750789,"2.5",138,1.38e+08
"641","Tennessee",2002,"179",5795918,"3.1",142,1.42e+08
"642","Tennessee",2003,"312",5847812,"5.3",149,1.49e+08
"643","Tennessee",2004,"403",5910809,"6.8",155,1.55e+08
"644","Tennessee",2005,"466",5991057,"7.8",163,1.63e+08
"645","Tennessee",2006,"483",6088766,"7.9",174,1.74e+08
"646","Tennessee",2007,"494",6175727,"8",184,1.84e+08
"647","Tennessee",2008,"499",6247411,"8",196,1.96e+08
"648","Tennessee",2009,"548",6306019,"8.7",202,2.02e+08
"649","Tennessee",2010,"652",6346105,"10.3",210,2.1e+08
"650","Tennessee",2011,"663",6403353,"10.4",219,2.19e+08
"651","Tennessee",2012,"748",6456243,"11.6",217,2.17e+08
"652","Tennessee",2013,"789",6495978,"12.1",207,2.07e+08
"653","Tennessee",2014,"892",6549352,"13.6",196,1.96e+08
"654","Texas",1999,"379",20558220,"1.8",116,1.16e+08
"655","Texas",2000,"457",20851820,"2.2",126,1.26e+08
"656","Texas",2001,"602",21319622,"2.8",138,1.38e+08
"657","Texas",2002,"788",21690325,"3.6",142,1.42e+08
"658","Texas",2003,"825",22030931,"3.7",149,1.49e+08
"659","Texas",2004,"836",22394023,"3.7",155,1.55e+08
"660","Texas",2005,"908",22778123,"4",163,1.63e+08
"661","Texas",2006,"1107",23359580,"4.7",174,1.74e+08
"662","Texas",2007,"1064",23831983,"4.5",184,1.84e+08
"663","Texas",2008,"986",24309039,"4.1",196,1.96e+08
"664","Texas",2009,"1197",24801761,"4.8",202,2.02e+08
"665","Texas",2010,"1171",25145561,"4.7",210,2.1e+08
"666","Texas",2011,"1218",25674681,"4.7",219,2.19e+08
"667","Texas",2012,"1179",26059203,"4.5",217,2.17e+08
"668","Texas",2013,"1114",26448193,"4.2",207,2.07e+08
"669","Texas",2014,"1219",26956958,"4.5",196,1.96e+08
"670","Utah",1999,"145",2203482,"6.6",116,1.16e+08
"671","Utah",2000,"159",2233169,"7.1",126,1.26e+08
"672","Utah",2001,"167",2283715,"7.3",138,1.38e+08
"673","Utah",2002,"213",2324815,"9.2",142,1.42e+08
"674","Utah",2003,"272",2360137,"11.5",149,1.49e+08
"675","Utah",2004,"275",2401580,"11.5",155,1.55e+08
"676","Utah",2005,"345",2457719,"14",163,1.63e+08
"677","Utah",2006,"343",2525507,"13.6",174,1.74e+08
"678","Utah",2007,"382",2597746,"14.7",184,1.84e+08
"679","Utah",2008,"371",2663029,"13.9",196,1.96e+08
"680","Utah",2009,"393",2723421,"14.4",202,2.02e+08
"681","Utah",2010,"353",2763885,"12.8",210,2.1e+08
"682","Utah",2011,"394",2817222,"14",219,2.19e+08
"683","Utah",2012,"438",2855287,"15.3",217,2.17e+08
"684","Utah",2013,"444",2900872,"15.3",207,2.07e+08
"685","Utah",2014,"471",2942902,"16",196,1.96e+08
"686","Vermont",2000,"24",608827,"3.9",126,1.26e+08
"687","Vermont",2001,"39",612223,"6.4",138,1.38e+08
"688","Vermont",2002,"41",615442,"6.7",142,1.42e+08
"689","Vermont",2003,"50",617858,"8.1",149,1.49e+08
"690","Vermont",2004,"41",619920,"6.6",155,1.55e+08
"691","Vermont",2005,"46",621215,"7.4",163,1.63e+08
"692","Vermont",2006,"59",622892,"9.5",174,1.74e+08
"693","Vermont",2007,"54",623481,"8.7",184,1.84e+08
"694","Vermont",2008,"59",624151,"9.5",196,1.96e+08
"695","Vermont",2009,"46",624817,"7.4",202,2.02e+08
"696","Vermont",2010,"45",625741,"7.2",210,2.1e+08
"697","Vermont",2011,"60",626431,"9.6",219,2.19e+08
"698","Vermont",2012,"57",626011,"9.1",217,2.17e+08
"699","Vermont",2013,"75",626630,"12",207,2.07e+08
"700","Vermont",2014,"72",626562,"11.5",196,1.96e+08
"701","Virginia",1999,"210",7000174,"3",116,1.16e+08
"702","Virginia",2000,"260",7078515,"3.7",126,1.26e+08
"703","Virginia",2001,"326",7198362,"4.5",138,1.38e+08
"704","Virginia",2002,"361",7286873,"5",142,1.42e+08
"705","Virginia",2003,"374",7366977,"5.1",149,1.49e+08
"706","Virginia",2004,"399",7475575,"5.3",155,1.55e+08
"707","Virginia",2005,"385",7577105,"5.1",163,1.63e+08
"708","Virginia",2006,"427",7673725,"5.6",174,1.74e+08
"709","Virginia",2007,"520",7751000,"6.7",184,1.84e+08
"710","Virginia",2008,"501",7833496,"6.4",196,1.96e+08
"711","Virginia",2009,"492",7925937,"6.2",202,2.02e+08
"712","Virginia",2010,"400",8001024,"5",210,2.1e+08
"713","Virginia",2011,"582",8096604,"7.2",219,2.19e+08
"714","Virginia",2012,"547",8185867,"6.7",217,2.17e+08
"715","Virginia",2013,"651",8260405,"7.9",207,2.07e+08
"716","Virginia",2014,"775",8326289,"9.3",196,1.96e+08
"717","Washington",1999,"372",5842564,"6.4",116,1.16e+08
"718","Washington",2000,"374",5894121,"6.3",126,1.26e+08
"719","Washington",2001,"332",5985722,"5.5",138,1.38e+08
"720","Washington",2002,"474",6052349,"7.8",142,1.42e+08
"721","Washington",2003,"492",6104115,"8.1",149,1.49e+08
"722","Washington",2004,"606",6178645,"9.8",155,1.55e+08
"723","Washington",2005,"629",6257305,"10.1",163,1.63e+08
"724","Washington",2006,"689",6370753,"10.8",174,1.74e+08
"725","Washington",2007,"675",6461587,"10.4",184,1.84e+08
"726","Washington",2008,"712",6562231,"10.8",196,1.96e+08
"727","Washington",2009,"737",6667426,"11.1",202,2.02e+08
"728","Washington",2010,"648",6724540,"9.6",210,2.1e+08
"729","Washington",2011,"712",6830038,"10.4",219,2.19e+08
"730","Washington",2012,"717",6897012,"10.4",217,2.17e+08
"731","Washington",2013,"667",6971406,"9.6",207,2.07e+08
"732","Washington",2014,"692",7061530,"9.8",196,1.96e+08
"733","West Virginia",1999,"34",1811799,"1.9",116,1.16e+08
"734","West Virginia",2000,"52",1808344,"2.9",126,1.26e+08
"735","West Virginia",2001,"150",1801481,"8.3",138,1.38e+08
"736","West Virginia",2002,"183",1805414,"10.1",142,1.42e+08
"737","West Virginia",2003,"203",1812295,"11.2",149,1.49e+08
"738","West Virginia",2004,"273",1816438,"15",155,1.55e+08
"739","West Virginia",2005,"154",1820492,"8.5",163,1.63e+08
"740","West Virginia",2006,"299",1827912,"16.4",174,1.74e+08
"741","West Virginia",2007,"347",1834052,"18.9",184,1.84e+08
"742","West Virginia",2008,"387",1840310,"21",196,1.96e+08
"743","West Virginia",2009,"193",1847775,"10.4",202,2.02e+08
"744","West Virginia",2010,"495",1852994,"26.7",210,2.1e+08
"745","West Virginia",2011,"596",1855364,"32.1",219,2.19e+08
"746","West Virginia",2012,"513",1855413,"27.6",217,2.17e+08
"747","West Virginia",2013,"518",1854304,"27.9",207,2.07e+08
"748","West Virginia",2014,"585",1850326,"31.6",196,1.96e+08
"749","Wisconsin",1999,"85",5332666,"1.6",116,1.16e+08
"750","Wisconsin",2000,"117",5363675,"2.2",126,1.26e+08
"751","Wisconsin",2001,"143",5406835,"2.6",138,1.38e+08
"752","Wisconsin",2002,"173",5445162,"3.2",142,1.42e+08
"753","Wisconsin",2003,"203",5479203,"3.7",149,1.49e+08
"754","Wisconsin",2004,"226",5514026,"4.1",155,1.55e+08
"755","Wisconsin",2005,"281",5546166,"5.1",163,1.63e+08
"756","Wisconsin",2006,"352",5577655,"6.3",174,1.74e+08
"757","Wisconsin",2007,"390",5610775,"7",184,1.84e+08
"758","Wisconsin",2008,"380",5640996,"6.7",196,1.96e+08
"759","Wisconsin",2009,"406",5669264,"7.2",202,2.02e+08
"760","Wisconsin",2010,"420",5686986,"7.4",210,2.1e+08
"761","Wisconsin",2011,"484",5711767,"8.5",219,2.19e+08
"762","Wisconsin",2012,"496",5726398,"8.7",217,2.17e+08
"763","Wisconsin",2013,"604",5742713,"10.5",207,2.07e+08
"764","Wisconsin",2014,"640",5757564,"11.1",196,1.96e+08
"765","Wyoming",2007,"25",534876,"4.7",184,1.84e+08
"766","Wyoming",2008,"48",546043,"8.8",196,1.96e+08
"767","Wyoming",2009,"34",559851,"6.1",202,2.02e+08
"768","Wyoming",2010,"49",563626,"8.7",210,2.1e+08
"769","Wyoming",2011,"47",568158,"8.3",219,2.19e+08
"770","Wyoming",2012,"47",576412,"8.2",217,2.17e+08
"771","Wyoming",2013,"52",582658,"8.9",207,2.07e+08
"772","Wyoming",2014,"57",584153,"9.8",196,1.96e+08
